{"loss": [1.6708406209945679, 0.4905690550804138, 0.3190031051635742, 0.2354760468006134, 0.1965315192937851], "accuracy": [0.5119994282722473, 0.8392773270606995, 0.8934632539749146, 0.9206486940383911, 0.9342485070228577], "val_loss": [0.6259881258010864, 0.5056287050247192, 0.3512970507144928, 0.4473012685775757, 0.29822736978530884], "val_accuracy": [0.799282968044281, 0.8362736105918884, 0.8872069120407104, 0.8669474124908447, 0.9091736674308777]}